,price_eur_mwh,gen_solar_mw,gen_wind_onshore_mw,fc_solar_mw,fc_wind_onshore_mw,pvgis_solar_kwh,latitude,longitude
2020-01-01 00:00:00+02:00,,,,,,,54.8982139,23.9044817
2020-01-01 01:00:00+02:00,28.78,0.0,241.22,0.0,262.0,,54.8982139,23.9044817
2020-01-01 02:00:00+02:00,28.45,0.0,261.6,0.0,236.0,0.0,54.8982139,23.9044817
2020-01-01 03:00:00+02:00,27.9,0.0,248.42,0.0,227.0,0.0,54.8982139,23.9044817
2020-01-01 04:00:00+02:00,27.52,0.0,219.89,0.0,219.0,0.0,54.8982139,23.9044817
2020-01-01 05:00:00+02:00,27.54,0.0,228.64,0.0,211.0,0.0,54.8982139,23.9044817
2020-01-01 06:00:00+02:00,26.55,0.0,250.34,0.0,212.0,0.0,54.8982139,23.9044817
2020-01-01 07:00:00+02:00,25.83,0.0,277.91,0.0,214.0,0.0,54.8982139,23.9044817
2020-01-01 08:00:00+02:00,25.07,0.0,284.4,0.0,222.0,0.0,54.8982139,23.9044817
2020-01-01 09:00:00+02:00,25.65,2.0,285.88,4.0,238.0,0.0,54.8982139,23.9044817
2020-01-01 10:00:00+02:00,26.15,2.0,308.97,10.0,266.0,232.34,54.8982139,23.9044817
2020-01-01 11:00:00+02:00,26.77,6.78,327.84,16.0,287.0,375.92,54.8982139,23.9044817
2020-01-01 12:00:00+02:00,27.4,7.2,344.48,16.0,301.0,335.68,54.8982139,23.9044817
2020-01-01 13:00:00+02:00,28.08,6.52,348.93,14.0,311.0,515.85,54.8982139,23.9044817
2020-01-01 14:00:00+02:00,28.69,6.02,351.29,9.0,323.0,3.51,54.8982139,23.9044817
2020-01-01 15:00:00+02:00,29.37,2.0,350.94,2.0,336.0,0.69,54.8982139,23.9044817
2020-01-01 16:00:00+02:00,29.97,1.0,371.64,0.0,350.0,0.0,54.8982139,23.9044817
2020-01-01 17:00:00+02:00,30.46,0.0,396.64,0.0,360.0,0.0,54.8982139,23.9044817
2020-01-01 18:00:00+02:00,30.39,0.0,399.39,0.0,371.0,0.0,54.8982139,23.9044817
2020-01-01 19:00:00+02:00,30.06,0.0,396.11,0.0,380.0,0.0,54.8982139,23.9044817
2020-01-01 20:00:00+02:00,29.38,0.0,380.43,0.0,387.0,0.0,54.8982139,23.9044817
2020-01-01 21:00:00+02:00,27.65,0.0,381.88,0.0,393.0,0.0,54.8982139,23.9044817
2020-01-01 22:00:00+02:00,27.33,0.0,386.22,0.0,400.0,0.0,54.8982139,23.9044817
2020-01-01 23:00:00+02:00,25.88,0.0,386.82,0.0,405.0,0.0,54.8982139,23.9044817
2020-01-02 00:00:00+02:00,24.81,0.0,388.72,0.0,408.0,0.0,54.8982139,23.9044817
2020-01-02 01:00:00+02:00,12.07,0.0,392.69,0.0,379.0,0.0,54.8982139,23.9044817
2020-01-02 02:00:00+02:00,13.13,0.0,422.61,0.0,376.0,0.0,54.8982139,23.9044817
2020-01-02 03:00:00+02:00,19.07,0.0,417.61,0.0,378.0,0.0,54.8982139,23.9044817
2020-01-02 04:00:00+02:00,21.12,0.0,424.04,0.0,383.0,0.0,54.8982139,23.9044817
2020-01-02 05:00:00+02:00,24.29,0.0,419.48,0.0,384.0,0.0,54.8982139,23.9044817
2020-01-02 06:00:00+02:00,26.27,0.0,404.51,0.0,379.0,0.0,54.8982139,23.9044817
2020-01-02 07:00:00+02:00,27.74,0.0,398.92,0.0,377.0,0.0,54.8982139,23.9044817
2020-01-02 08:00:00+02:00,28.39,0.0,346.89,0.0,377.0,0.0,54.8982139,23.9044817
2020-01-02 09:00:00+02:00,29.37,1.0,327.76,2.0,377.0,0.0,54.8982139,23.9044817
2020-01-02 10:00:00+02:00,29.95,2.0,336.55,6.0,375.0,12.54,54.8982139,23.9044817
2020-01-02 11:00:00+02:00,29.91,6.05,316.91,10.0,369.0,16.56,54.8982139,23.9044817
2020-01-02 12:00:00+02:00,29.96,6.88,305.21,10.0,361.0,15.16,54.8982139,23.9044817
2020-01-02 13:00:00+02:00,29.94,6.45,318.24,10.0,349.0,23.51,54.8982139,23.9044817
2020-01-02 14:00:00+02:00,29.94,6.57,329.77,6.0,338.0,10.53,54.8982139,23.9044817
2020-01-02 15:00:00+02:00,30.18,2.0,337.23,2.0,327.0,8.05,54.8982139,23.9044817
2020-01-02 16:00:00+02:00,30.96,1.0,347.56,0.0,318.0,0.0,54.8982139,23.9044817
2020-01-02 17:00:00+02:00,31.2,0.0,334.19,0.0,316.0,0.0,54.8982139,23.9044817
2020-01-02 18:00:00+02:00,30.98,0.0,314.58,0.0,317.0,0.0,54.8982139,23.9044817
2020-01-02 19:00:00+02:00,30.35,0.0,284.89,0.0,315.0,0.0,54.8982139,23.9044817
2020-01-02 20:00:00+02:00,29.27,0.0,299.23,0.0,304.0,0.0,54.8982139,23.9044817
2020-01-02 21:00:00+02:00,28.17,0.0,342.03,0.0,292.0,0.0,54.8982139,23.9044817
2020-01-02 22:00:00+02:00,28.02,0.0,357.66,0.0,289.0,0.0,54.8982139,23.9044817
2020-01-02 23:00:00+02:00,27.69,0.0,282.73,0.0,289.0,0.0,54.8982139,23.9044817
2020-01-03 00:00:00+02:00,24.39,0.0,285.51,0.0,210.0,0.0,54.8982139,23.9044817
2020-01-03 01:00:00+02:00,18.93,0.0,310.35,0.0,291.0,0.0,54.8982139,23.9044817
2020-01-03 02:00:00+02:00,9.98,0.0,306.72,0.0,293.0,0.0,54.8982139,23.9044817
2020-01-03 03:00:00+02:00,1.53,0.0,287.1,0.0,296.0,0.0,54.8982139,23.9044817
2020-01-03 04:00:00+02:00,0.14,0.0,318.65,0.0,299.0,0.0,54.8982139,23.9044817
2020-01-03 05:00:00+02:00,0.85,0.0,363.88,0.0,305.0,0.0,54.8982139,23.9044817
2020-01-03 06:00:00+02:00,9.92,0.0,356.0,0.0,316.0,0.0,54.8982139,23.9044817
2020-01-03 07:00:00+02:00,30.01,0.0,354.6,0.0,320.0,0.0,54.8982139,23.9044817
2020-01-03 08:00:00+02:00,38.89,0.0,360.17,0.0,321.0,0.0,54.8982139,23.9044817
2020-01-03 09:00:00+02:00,28.12,2.0,341.26,6.0,325.0,0.0,54.8982139,23.9044817
2020-01-03 10:00:00+02:00,28.58,2.0,355.06,13.0,333.0,167.0,54.8982139,23.9044817
2020-01-03 11:00:00+02:00,30.04,7.11,336.35,20.0,340.0,476.9,54.8982139,23.9044817
2020-01-03 12:00:00+02:00,30.02,21.65,335.8,19.0,340.0,549.81,54.8982139,23.9044817
2020-01-03 13:00:00+02:00,30.03,6.81,329.02,16.0,346.0,549.42,54.8982139,23.9044817
2020-01-03 14:00:00+02:00,30.02,5.52,385.82,11.0,351.0,16.04,54.8982139,23.9044817
2020-01-03 15:00:00+02:00,28.96,2.0,408.83,3.0,364.0,0.71,54.8982139,23.9044817
2020-01-03 16:00:00+02:00,29.86,1.0,415.34,0.0,371.0,0.0,54.8982139,23.9044817
2020-01-03 17:00:00+02:00,30.15,0.0,441.94,0.0,380.0,0.0,54.8982139,23.9044817
2020-01-03 18:00:00+02:00,30.07,0.0,454.66,0.0,389.0,0.0,54.8982139,23.9044817
2020-01-03 19:00:00+02:00,29.54,0.0,428.79,0.0,394.0,0.0,54.8982139,23.9044817
2020-01-03 20:00:00+02:00,29.11,0.0,375.34,0.0,390.0,0.0,54.8982139,23.9044817
2020-01-03 21:00:00+02:00,36.76,0.0,352.7,0.0,375.0,0.0,54.8982139,23.9044817
2020-01-03 22:00:00+02:00,27.03,0.0,326.7,0.0,359.0,0.0,54.8982139,23.9044817
2020-01-03 23:00:00+02:00,25.7,0.0,273.99,0.0,342.0,0.0,54.8982139,23.9044817
2020-01-04 00:00:00+02:00,22.04,0.0,282.29,0.0,321.0,0.0,54.8982139,23.9044817
2020-01-04 01:00:00+02:00,21.73,0.0,294.11,0.0,323.0,0.0,54.8982139,23.9044817
2020-01-04 02:00:00+02:00,15.95,0.0,277.99,0.0,341.0,0.0,54.8982139,23.9044817
2020-01-04 03:00:00+02:00,16.23,0.0,346.67,0.0,361.0,0.0,54.8982139,23.9044817
2020-01-04 04:00:00+02:00,20.0,0.0,414.96,0.0,381.0,0.0,54.8982139,23.9044817
2020-01-04 05:00:00+02:00,4.04,0.0,435.76,0.0,400.0,0.0,54.8982139,23.9044817
2020-01-04 06:00:00+02:00,4.03,0.0,453.04,0.0,418.0,0.0,54.8982139,23.9044817
2020-01-04 07:00:00+02:00,4.04,0.0,473.07,0.0,434.0,0.0,54.8982139,23.9044817
2020-01-04 08:00:00+02:00,19.07,0.0,464.64,0.0,449.0,0.0,54.8982139,23.9044817
2020-01-04 09:00:00+02:00,17.49,1.0,474.34,2.0,456.0,0.0,54.8982139,23.9044817
2020-01-04 10:00:00+02:00,24.18,1.0,453.75,4.0,454.0,268.85,54.8982139,23.9044817
2020-01-04 11:00:00+02:00,24.94,6.03,445.46,8.0,450.0,13.87,54.8982139,23.9044817
2020-01-04 12:00:00+02:00,25.11,5.76,430.43,7.0,439.0,130.33,54.8982139,23.9044817
2020-01-04 13:00:00+02:00,24.94,5.86,419.43,6.0,419.0,163.11,54.8982139,23.9044817
2020-01-04 14:00:00+02:00,29.8,6.16,330.5,5.0,392.0,3.52,54.8982139,23.9044817
2020-01-04 15:00:00+02:00,25.25,2.0,213.93,1.0,356.0,2.02,54.8982139,23.9044817
2020-01-04 16:00:00+02:00,43.14,1.0,232.13,0.0,319.0,0.0,54.8982139,23.9044817
2020-01-04 17:00:00+02:00,41.1,0.0,215.72,0.0,295.0,0.0,54.8982139,23.9044817
2020-01-04 18:00:00+02:00,38.0,0.0,188.74,0.0,286.0,0.0,54.8982139,23.9044817
2020-01-04 19:00:00+02:00,37.96,0.0,159.27,0.0,285.0,0.0,54.8982139,23.9044817
2020-01-04 20:00:00+02:00,29.85,0.0,173.32,0.0,288.0,0.0,54.8982139,23.9044817
2020-01-04 21:00:00+02:00,27.71,0.0,235.72,0.0,294.0,0.0,54.8982139,23.9044817
2020-01-04 22:00:00+02:00,27.4,0.0,260.17,0.0,301.0,0.0,54.8982139,23.9044817
2020-01-04 23:00:00+02:00,27.37,0.0,236.01,0.0,304.0,0.0,54.8982139,23.9044817
2020-01-05 00:00:00+02:00,25.77,0.0,271.63,0.0,307.0,0.0,54.8982139,23.9044817
2020-01-05 01:00:00+02:00,26.65,0.0,286.25,0.0,308.0,0.0,54.8982139,23.9044817
2020-01-05 02:00:00+02:00,27.13,0.0,319.04,0.0,327.0,0.0,54.8982139,23.9044817
2020-01-05 03:00:00+02:00,27.11,0.0,311.56,0.0,341.0,0.0,54.8982139,23.9044817
2020-01-05 04:00:00+02:00,27.42,0.0,307.51,0.0,343.0,0.0,54.8982139,23.9044817
2020-01-05 05:00:00+02:00,28.06,0.0,307.13,0.0,338.0,0.0,54.8982139,23.9044817
2020-01-05 06:00:00+02:00,28.85,0.0,232.91,0.0,320.0,0.0,54.8982139,23.9044817
2020-01-05 07:00:00+02:00,29.26,0.0,199.94,0.0,302.0,0.0,54.8982139,23.9044817
2020-01-05 08:00:00+02:00,29.98,0.0,202.51,0.0,282.0,0.0,54.8982139,23.9044817
2020-01-05 09:00:00+02:00,31.06,2.0,189.3,4.0,261.0,0.34,54.8982139,23.9044817
2020-01-05 10:00:00+02:00,31.18,2.0,155.18,9.0,241.0,383.59,54.8982139,23.9044817
2020-01-05 11:00:00+02:00,31.6,6.77,130.82,14.0,225.0,419.45,54.8982139,23.9044817
2020-01-05 12:00:00+02:00,37.14,7.69,99.0,16.0,204.0,338.18,54.8982139,23.9044817
2020-01-05 13:00:00+02:00,37.71,7.67,106.37,15.0,182.0,573.01,54.8982139,23.9044817
2020-01-05 14:00:00+02:00,37.81,7.28,98.18,10.0,156.0,513.11,54.8982139,23.9044817
2020-01-05 15:00:00+02:00,37.73,5.72,87.38,2.0,126.0,300.19,54.8982139,23.9044817
2020-01-05 16:00:00+02:00,37.69,1.0,76.66,0.0,102.0,0.0,54.8982139,23.9044817
2020-01-05 17:00:00+02:00,39.83,0.0,71.8,0.0,89.0,0.0,54.8982139,23.9044817
2020-01-05 18:00:00+02:00,40.07,0.0,58.56,0.0,84.0,0.0,54.8982139,23.9044817
2020-01-05 19:00:00+02:00,40.05,0.0,61.27,0.0,85.0,0.0,54.8982139,23.9044817
2020-01-05 20:00:00+02:00,42.33,0.0,83.27,0.0,103.0,0.0,54.8982139,23.9044817
2020-01-05 21:00:00+02:00,36.77,0.0,118.6,0.0,143.0,0.0,54.8982139,23.9044817
2020-01-05 22:00:00+02:00,33.09,0.0,164.74,0.0,188.0,0.0,54.8982139,23.9044817
2020-01-05 23:00:00+02:00,28.16,0.0,237.1,0.0,229.0,0.0,54.8982139,23.9044817
2020-01-06 00:00:00+02:00,26.68,0.0,298.67,0.0,268.0,0.0,54.8982139,23.9044817
2020-01-06 01:00:00+02:00,26.42,0.0,317.96,0.0,284.0,0.0,54.8982139,23.9044817
2020-01-06 02:00:00+02:00,26.5,0.0,314.41,0.0,304.0,0.0,54.8982139,23.9044817
2020-01-06 03:00:00+02:00,27.01,0.0,326.63,0.0,327.0,0.0,54.8982139,23.9044817
2020-01-06 04:00:00+02:00,27.06,0.0,324.2,0.0,341.0,0.0,54.8982139,23.9044817
2020-01-06 05:00:00+02:00,27.03,0.0,318.51,0.0,342.0,0.0,54.8982139,23.9044817
2020-01-06 06:00:00+02:00,27.62,0.0,318.97,0.0,342.0,0.0,54.8982139,23.9044817
2020-01-06 07:00:00+02:00,28.16,0.0,302.15,0.0,339.0,0.0,54.8982139,23.9044817
2020-01-06 08:00:00+02:00,29.08,0.0,260.54,0.0,325.0,0.0,54.8982139,23.9044817
2020-01-06 09:00:00+02:00,29.73,0.0,263.63,0.0,311.0,0.0,54.8982139,23.9044817
2020-01-06 10:00:00+02:00,30.52,1.0,256.8,2.0,293.0,32.3,54.8982139,23.9044817
2020-01-06 11:00:00+02:00,31.12,2.0,225.87,2.0,279.0,36.26,54.8982139,23.9044817
2020-01-06 12:00:00+02:00,31.23,2.0,190.33,2.0,264.0,18.22,54.8982139,23.9044817
2020-01-06 13:00:00+02:00,31.19,2.0,182.69,2.0,239.0,28.35,54.8982139,23.9044817
2020-01-06 14:00:00+02:00,31.08,2.0,154.89,2.0,215.0,23.18,54.8982139,23.9044817
2020-01-06 15:00:00+02:00,31.21,1.0,138.38,0.0,198.0,2.53,54.8982139,23.9044817
2020-01-06 16:00:00+02:00,34.01,0.0,137.04,0.0,179.0,0.0,54.8982139,23.9044817
2020-01-06 17:00:00+02:00,33.58,0.0,140.89,0.0,172.0,0.0,54.8982139,23.9044817
2020-01-06 18:00:00+02:00,34.05,0.0,144.33,0.0,175.0,0.0,54.8982139,23.9044817
2020-01-06 19:00:00+02:00,31.31,0.0,130.13,0.0,179.0,0.0,54.8982139,23.9044817
2020-01-06 20:00:00+02:00,34.05,0.0,147.2,0.0,181.0,0.0,54.8982139,23.9044817
2020-01-06 21:00:00+02:00,34.0,0.0,137.12,0.0,176.0,0.0,54.8982139,23.9044817
2020-01-06 22:00:00+02:00,30.28,0.0,152.84,0.0,174.0,0.0,54.8982139,23.9044817
2020-01-06 23:00:00+02:00,29.46,0.0,150.68,0.0,172.0,0.0,54.8982139,23.9044817
